1hour,15min,name,league
https://zeroproz2a.base.shop/items/95596366,https://zeroproz2a.base.shop/items/91770719,白咲 ひとみ,Z1
https://zeroproz2a.base.shop/items/95596361,https://zeroproz2a.base.shop/items/91760847,POLLIE,Z1
https://zeroproz2a.base.shop/items/95596362,https://zeroproz2a.base.shop/items/91760929,希咲 りほ,Z1
https://zeroproz2a.base.shop/items/95596363,https://zeroproz2a.base.shop/items/91760985,三崎 桃果,Z1
https://zeroproz2a.base.shop/items/95596365,https://zeroproz2a.base.shop/items/91761052,りりあ,Z1
https://zeroproz2a.base.shop/items/95596372,https://zeroproz2a.base.shop/items/91767167,日向 まりの,Z1
https://zeroproz2a.base.shop/items/95596373,https://zeroproz2a.base.shop/items/91767208,藤宮 かれん,Z1
https://zeroproz2a.base.shop/items/95596374,https://zeroproz2a.base.shop/items/91767228,セル,Z1
https://zeroproz2a.base.shop/items/95596375,https://zeroproz2a.base.shop/items/91767249,白咲 ひかり,Z1
https://zeroproz2a.base.shop/items/95596376,https://zeroproz2a.base.shop/items/91767281,栗山 さとみ,Z1
https://zeroproz2a.base.shop/items/95596388,https://zeroproz2a.base.shop/items/91767657,朝比奈 凛,Z1
https://zeroproz2a.base.shop/items/95596377,https://zeroproz2a.base.shop/items/91767318,花井 瑠莉奈,Z1
https://zeroproz2a.base.shop/items/95596378,https://zeroproz2a.base.shop/items/91767378,白花 まりや,Z1
https://zeroproz2a.base.shop/items/95596389,https://zeroproz2a.base.shop/items/91767694,雪野 まひろ,Z1
https://zeroproz2a.base.shop/items/95596390,https://zeroproz2a.base.shop/items/91767708,空音 ここみ,Z1
https://zeroproz2a.base.shop/items/99383489,https://zeroproz2a.base.shop/items/99380250,綾瀬 ななみ,Z2
https://zeroproz2a.base.shop/items/95596379,https://zeroproz2a.base.shop/items/91767411,白雪 らら,Z2
https://zeroproz2a.base.shop/items/95596382,https://zeroproz2a.base.shop/items/91767470,神乃 さや,Z2
https://zeroproz2a.base.shop/items/95596391,https://zeroproz2a.base.shop/items/91767721,桜井 みなみ,Z2
https://zeroproz2a.base.shop/items/95596434,https://zeroproz2a.base.shop/items/92988231,夏月 涼花,Z2
https://zeroproz2a.base.shop/items/95596367,https://zeroproz2a.base.shop/items/91766841,枢木 ゆん,Z2
https://zeroproz2a.base.shop/items/95596368,https://zeroproz2a.base.shop/items/91766868,池田 遥希,Z2
https://zeroproz2a.base.shop/items/95596369,https://zeroproz2a.base.shop/items/91766897,望月 まりあ,Z2
https://zeroproz2a.base.shop/items/95596370,https://zeroproz2a.base.shop/items/91766922,真白 もるつ,Z2
https://zeroproz2a.base.shop/items/95596371,https://zeroproz2a.base.shop/items/91766963,黒川 奈音,Z2
https://zeroproz2a.base.shop/items/95596398,https://zeroproz2a.base.shop/items/91769216,姫菫 めぐ,Z2
https://zeroproz2a.base.shop/items/95596394,https://zeroproz2a.base.shop/items/91767783,愛乃 もも,Z2
https://zeroproz2a.base.shop/items/95596400,https://zeroproz2a.base.shop/items/91769233,水無月 黎音,Z2
https://zeroproz2a.base.shop/items/95596401,https://zeroproz2a.base.shop/items/91769282,雪名 ゆき,Z2
https://zeroproz2a.base.shop/items/95596396,https://zeroproz2a.base.shop/items/91769119,鈴蘭 なび,Z2
https://zeroproz2a.base.shop/items/99999833,https://zeroproz2a.base.shop/items/92987345,駒音 にこ,Z2
https://zeroproz2a.base.shop/items/95596405,https://zeroproz2a.base.shop/items/91769398,倉田 いとは,Z2
https://zeroproz2a.base.shop/items/95596397,https://zeroproz2a.base.shop/items/91769144,なのは,Z2
https://zeroproz2a.base.shop/items/95596412,https://zeroproz2a.base.shop/items/91770005,平手 美羽,Z2
https://zeroproz2a.base.shop/items/95596408,https://zeroproz2a.base.shop/items/92991481,藤堂 いちご,Z2
https://zeroproz2a.base.shop/items/95596380,https://zeroproz2a.base.shop/items/91767438,安室 ことり,Z2
https://zeroproz2a.base.shop/items/95677199,https://zeroproz2a.base.shop/items/91767109,七瀬 ゆめ,Z2
https://zeroproz2a.base.shop/items/95596402,https://zeroproz2a.base.shop/items/91769293,ゆり,Z2
https://zeroproz2a.base.shop/items/95596418,https://zeroproz2a.base.shop/items/91769747,夢咲 ここあ,Z2
https://zeroproz2a.base.shop/items/99999875,https://zeroproz2a.base.shop/items/93076482,星凪 ゆあ,Z2
https://zeroproz2a.base.shop/items/95596385,https://zeroproz2a.base.shop/items/91767554,春風 りな,Z2
https://zeroproz2a.base.shop/items/95596425,https://zeroproz2a.base.shop/items/94491199,理生,Z2
https://zeroproz2a.base.shop/items/95596387,https://zeroproz2a.base.shop/items/91767632,あまの,Z2
https://zeroproz2a.base.shop/items/95596406,https://zeroproz2a.base.shop/items/91769424,星野 らら,Z2
https://zeroproz2a.base.shop/items/95596413,https://zeroproz2a.base.shop/items/91769541,松井 ほのか,Z2
https://zeroproz2a.base.shop/items/95596383,https://zeroproz2a.base.shop/items/91767492,弥生 めぐ,Z3
https://zeroproz2a.base.shop/items/96890668,https://zeroproz2a.base.shop/items/95827330,紫桜 倖那,Z3
https://zeroproz2a.base.shop/items/95678044,https://zeroproz2a.base.shop/items/95678005,うゆぐ,Z3
https://zeroproz2a.base.shop/items/95596411,https://zeroproz2a.base.shop/items/91769525,大西 なこ,Z3
https://zeroproz2a.base.shop/items/95596415,https://zeroproz2a.base.shop/items/91769716,朝日 すず,Z3
https://zeroproz2a.base.shop/items/95596404,https://zeroproz2a.base.shop/items/91769313,坂口 琴音,Z3
https://zeroproz2a.base.shop/items/95596419,https://zeroproz2a.base.shop/items/91769758,逢瀬 愛瑠,Z3
https://zeroproz2a.base.shop/items/95596433,https://zeroproz2a.base.shop/items/92987543,東城 花,Z3
https://zeroproz2a.base.shop/items/95596414,https://zeroproz2a.base.shop/items/91769692,葵乃 優莉音,Z3
https://zeroproz2a.base.shop/items/95596420,https://zeroproz2a.base.shop/items/91769774,あぁや,Z3
https://zeroproz2a.base.shop/items/95596395,https://zeroproz2a.base.shop/items/91769087,夕。,Z3
https://zeroproz2a.base.shop/items/95596407,https://zeroproz2a.base.shop/items/91769641,彩乃 ユウカ,Z3
https://zeroproz2a.base.shop/items/95596392,https://zeroproz2a.base.shop/items/91767135,藍来 しあん,Z3
https://zeroproz2a.base.shop/items/95596421,https://zeroproz2a.base.shop/items/91769796,しば ゆりえ,Z3
https://zeroproz2a.base.shop/items/95596467,https://zeroproz2a.base.shop/items/95573959,佐々木 みき,Z3
https://zeroproz2a.base.shop/items/95596454,https://zeroproz2a.base.shop/items/94491084,神崎 凛奈,Z3
https://zeroproz2a.base.shop/items/95596460,https://zeroproz2a.base.shop/items/95573939,水瀬 りお,Z3
https://zeroproz2a.base.shop/items/95596468,https://zeroproz2a.base.shop/items/95573972,深月 めあり,Z3
https://zeroproz2a.base.shop/items/95596437,https://zeroproz2a.base.shop/items/92990826,はるぽん,Z3
https://zeroproz2a.base.shop/items/96890748,https://zeroproz2a.base.shop/items/94491211,水城 ありな,Z3
https://zeroproz2a.base.shop/items/95596428,https://zeroproz2a.base.shop/items/91770134,桃瀬 うた,Z3
https://zeroproz2a.base.shop/items/95596435,https://zeroproz2a.base.shop/items/92988299,しぴ,Z3
https://zeroproz2a.base.shop/items/99999739,https://zeroproz2a.base.shop/items/94491055,小花衣 ゆの,Z3
https://zeroproz2a.base.shop/items/95596426,https://zeroproz2a.base.shop/items/91770050,白鳥 ゆな,Z4
https://zeroproz2a.base.shop/items/96890905,https://zeroproz2a.base.shop/items/91769992,関 優実,Z4
https://zeroproz2a.base.shop/items/95596423,https://zeroproz2a.base.shop/items/92991439,小豆沢 しおり,Z4
https://zeroproz2a.base.shop/items/96890602,https://zeroproz2a.base.shop/items/92987647,桃園 ひな,Z4
https://zeroproz2a.base.shop/items/95657661,https://zeroproz2a.base.shop/items/95657625,沖野 なぎ,Z4
https://zeroproz2a.base.shop/items/95596432,https://zeroproz2a.base.shop/items/91770180,如月 すずめ,Z4
https://zeroproz2a.base.shop/items/96890832,https://zeroproz2a.base.shop/items/94491320,ゆう,Z4
https://zeroproz2a.base.shop/items/95596431,https://zeroproz2a.base.shop/items/91770166,斉藤 あずさ,Z4
https://zeroproz2a.base.shop/items/95596417,https://zeroproz2a.base.shop/items/91769735,しおにゃん,Z4
https://zeroproz2a.base.shop/items/95596451,https://zeroproz2a.base.shop/items/92986516,生田 彩夏 ,Z4
https://zeroproz2a.base.shop/items/97982316,https://zeroproz2a.base.shop/items/95573883,綾瀬 こと,Z4
https://zeroproz2a.base.shop/items/96890986,https://zeroproz2a.base.shop/items/94490242,萌音 なの,Z4
https://zeroproz2a.base.shop/items/95596469,https://zeroproz2a.base.shop/items/95574018,結木 ゆな,Z4
https://zeroproz2a.base.shop/items/98625608,https://zeroproz2a.base.shop/items/98625240,内田 翠,Z5
https://zeroproz2a.base.shop/items/95596465,https://zeroproz2a.base.shop/items/94490950,忽那 ねぎ,Z5
https://zeroproz2a.base.shop/items/95596471,https://zeroproz2a.base.shop/items/95574011,佐藤 らて,Z5
https://zeroproz2a.base.shop/items/98625558,https://zeroproz2a.base.shop/items/98625170,月宮 はな,Z5
https://zeroproz2a.base.shop/items/95596449,https://zeroproz2a.base.shop/items/92986814,星宮 ゆみ,Z5
https://zeroproz2a.base.shop/items/98625582,https://zeroproz2a.base.shop/items/98625201,花園 いろは,Z5
https://zeroproz2a.base.shop/items/100000268,https://zeroproz2a.base.shop/items/99999431,夜空 すみれ,Z5
https://zeroproz2a.base.shop/items/92987763,,八雲 りつ,U17
https://zeroproz2a.base.shop/items/97982818,,音花,U17
https://zeroproz2a.base.shop/items/97982831,,月野 アリシア,U17
https://zeroproz2a.base.shop/items/94491173,,音琴 苺和,U17
https://zeroproz2a.base.shop/items/92987585,,佐久間 夢乃,U17
https://zeroproz2a.base.shop/items/95573861,,菅田 凪紗,U17
https://zeroproz2a.base.shop/items/95573869,,百田 せいな,U17
https://zeroproz2a.base.shop/items/97982840,,奈々瀬 遥華,U17
https://zeroproz2a.base.shop/items/99999270,,優月 あい,U17
https://zeroproz2a.base.shop/items/99999351,,月島 結,U17
